time,cost
0.0006129741668701172,15080
0.0011827945709228516,14739
0.0014743804931640625,14432
0.0015375614166259766,13799
0.0018641948699951172,13409
0.0020220279693603516,13306
