grid_size,elapsed_time,cpu_usage,memory_usage
1,0.10025800600124057,0.09205748616107769,0
2,0.10025357799895573,59.687685162342504,0
3,0.10032089800006361,0.1978072405210413,0
4,0.10053679399788962,0.3797594739375304,0
5,0.10060960899863858,0.48733615494579885,0
