grid_size,elapsed_time,cpu_usage,memory_usage
1,0.10022214101627469,0.06947367048089538,0
2,0.10044026601826772,0.27535968488364204,0
3,0.10046810901258141,0.26722011853995525,0
4,0.10097100702114403,0.805929369242111,0
5,0.1013711430132389,1.214569514952581,0
6,0.10466091701528057,4.311213897866205,0
7,0.11096556403208524,9.77578323024934,0
