grid_size,elapsed_time,cpu_usage,memory_usage
1,0.10025372399832122,0.08932336518662926,0
2,0.10022524499800056,26.82809605557597,0
3,0.10030557299614884,0.18770941072953623,0
4,0.10042864699789789,0.35050357693988277,0
5,0.10065173600014532,0.5064800869397225,0
6,0.10102228900359478,0.8609911818259472,0
7,0.1015474779997021,1.4537682560706306,0
