grid_size,elapsed_time,cpu_usage,memory_usage
1,0.10025491299893474,0.08706206747211587,0
2,0.10030051799549256,0.1361937133821813,0
3,0.10030042500147829,0.1822115908249921,0
4,0.10040230499726022,0.2826937090822666,0
5,0.10028375099500408,0.13701820946772095,0
