grid_size,elapsed_time,cpu_usage,memory_usage
1,0.1004025010006444,30.059447423332745,0
2,0.1002926919991296,0.13911781329116193,0
3,0.10042279899971618,0.19121852996800678,0
4,0.10064498300016567,0.28548566598659164,0
5,0.10213766000015312,3.0791267393390007,0
