grid_size,elapsed_time
1,1.9073486328125e-06
2,4.0531158447265625e-06
3,1.1682510375976562e-05
4,3.0517578125e-05
5,7.081031799316406e-05
