grid_size,elapsed_time
1,1.6689300537109375e-06
2,1.7642974853515625e-05
3,6.079673767089844e-05
4,0.00019073486328125
5,0.00048804283142089844
6,0.0009968280792236328
7,0.001982450485229492
8,0.0036077499389648438
9,0.005568504333496094
10,0.009493827819824219
