grid_size,elapsed_time,cpu_usage,memory_usage
1,0.10028575100295711,0.10560423484148507,0
2,0.10028258199963602,0.12787066053030952,0
