grid_size,elapsed_time
1,1.430511474609375e-06
2,3.814697265625e-06
3,1.1682510375976562e-05
4,3.0040740966796875e-05
5,6.985664367675781e-05
