grid_size,elapsed_time,cpu_usage,memory_usage
1,63276.467538504,1.670826519126407e-07,0
2,63276.953614519996,2.0037152984993822e-07,0
