grid_size,elapsed_time,cpu_usage,memory_usage
1,0.10025129900168395,0.09113298372174171,0
2,0.10028954700101167,0.13688066613633967,0
3,0.10036553900135914,0.20890736211467165,0
4,0.10046937500010245,0.3032366828197717,0
5,0.1006951180024771,0.5381512140307118,0
