grid_size,elapsed_time,cpu_usage,memory_usage
1,0.10020109100150876,0.08606892314053854,0
2,0.10029254400433274,0.13027987403967659,0
3,0.10026499800005695,20.3387457305774,0
4,0.10043889200460399,0.3144937122419814,0
5,0.10032559499813942,0.1848072767508932,0
6,0.10103269999672193,0.9510950415372282,0
7,0.1025835559994448,2.375550327006738,0
