grid_size,elapsed_time,cpu_usage
1,0.00013567899986810517,-10.9
2,0.00015993799979696632,-9.4
3,0.00023801099996489938,-13.8
4,0.00018136800008505816,-14.5
5,0.00021513199999390054,-10.1
6,0.00027449199978946126,-10.5
7,0.0003876649998346693,-10.4
8,0.0005713179998565465,-12.6
9,0.0008214250001401524,-11.0
10,0.0012592099997164041,-10.5
