grid_size,elapsed_time,cpu_usage
1,0.00014253100016503595,-12.6
2,0.00014646399995399406,-11.3
3,0.0001480260002608702,-12.7
4,0.0004287090000616445,-12.8
5,0.00024376499959544162,-15.0
6,0.0002873440002986172,-11.5
7,0.0004127949996473035,-11.7
8,0.0005818129998260702,-10.8
9,0.0008804519998193427,-11.6
10,0.0011734700001397869,-11.3
