grid_size,elapsed_time
1,1.430511474609375e-06
2,3.814697265625e-06
3,1.239776611328125e-05
4,3.24249267578125e-05
5,7.82012939453125e-05
6,0.00013875961303710938
7,0.0002522468566894531
8,0.00042128562927246094
9,0.0006957054138183594
10,0.0013928413391113281
